{
  "project_info": {
    "project_number": "427241890791",
    "firebase_url": "https://taxityz-76351.firebaseio.com",
    "project_id": "taxityz-76351",
    "storage_bucket": "taxityz-76351.appspot.com"
  },
  "client": [
    {
      "client_info": {
        "mobilesdk_app_id": "1:427241890791:android:3d5b1700d6ca4502",
        "android_client_info": {
          "package_name": "ke.co.taxityzltd.taxityz"
        }
      },
      "oauth_client": [
        {
          "client_id": "427241890791-sg08ujpac18iavvhhdm7rs2q5ps94i22.apps.googleusercontent.com",
          "client_type": 1,
          "android_info": {
            "package_name": "ke.co.taxityzltd.taxityz",
            "certificate_hash": "22080ee923a7452a5d21636dbfdcf1fc885c4561"
          }
        },
        {
          "client_id": "427241890791-ldqiqf7oou4ubq055gpectvho191j7of.apps.googleusercontent.com",
          "client_type": 3
        }
      ],
      "api_key": [
        {
          "current_key": "AIzaSyCVmlUylglVaLjjgUC106LjeQfWadUlUnk"
        }
      ],
      "services": {
        "analytics_service": {
          "status": 1
        },
        "appinvite_service": {
          "status": 2,
          "other_platform_oauth_client": [
            {
              "client_id": "427241890791-ldqiqf7oou4ubq055gpectvho191j7of.apps.googleusercontent.com",
              "client_type": 3
            }
          ]
        },
        "ads_service": {
          "status": 2
        }
      }
    },
    {
      "client_info": {
        "mobilesdk_app_id": "1:427241890791:android:94a101eda1705951",
        "android_client_info": {
          "package_name": "ke.co.taxityzltd.driver"
        }
      },
      "oauth_client": [
        {
          "client_id": "427241890791-ach9pavb4j3b0qi86v9r2f1f2n6mioio.apps.googleusercontent.com",
          "client_type": 1,
          "android_info": {
            "package_name": "ke.co.taxityzltd.driver",
            "certificate_hash": "22080ee923a7452a5d21636dbfdcf1fc885c4561"
          }
        },
        {
          "client_id": "427241890791-ldqiqf7oou4ubq055gpectvho191j7of.apps.googleusercontent.com",
          "client_type": 3
        }
      ],
      "api_key": [
        {
          "current_key": "AIzaSyCVmlUylglVaLjjgUC106LjeQfWadUlUnk"
        }
      ],
      "services": {
        "analytics_service": {
          "status": 1
        },
        "appinvite_service": {
          "status": 2,
          "other_platform_oauth_client": [
            {
              "client_id": "427241890791-ldqiqf7oou4ubq055gpectvho191j7of.apps.googleusercontent.com",
              "client_type": 3
            }
          ]
        },
        "ads_service": {
          "status": 2
        }
      }
    }
  ],
  "configuration_version": "1"
}